Song URL,
https://music.youtube.com/watch?v=8dZo9HNfjGo,
https://music.youtube.com/watch?v=r7-A9NqUjRI,
https://music.youtube.com/watch?v=p_DRRFvSdP0,
https://music.youtube.com/watch?v=rzaYmouOMas,
https://music.youtube.com/watch?v=U0JYkRqU6eY,
https://music.youtube.com/watch?v=d-Y1L3dJ8gs,
https://music.youtube.com/watch?v=3T8nIOZmx50,
https://music.youtube.com/watch?v=9n3Me5rXcLQ,
https://music.youtube.com/watch?v=zx1-Z5PJkfg,
https://music.youtube.com/watch?v=9nRvqemGydw,
https://music.youtube.com/watch?v=858GKxHbiUg,
https://music.youtube.com/watch?v=wa5gkHMqbls,
https://music.youtube.com/watch?v=5-FGxUINL-Q,
https://music.youtube.com/watch?v=0jyeL0fmHRU,
https://music.youtube.com/watch?v=1hf2GkEVO-Q,
https://music.youtube.com/watch?v=lVyc2564rDs,
https://music.youtube.com/watch?v=-r85WmKI9Uo,
https://music.youtube.com/watch?v=PVDPkS4v8FQ,
https://music.youtube.com/watch?v=Kx7B-XvmFtE,
https://music.youtube.com/watch?v=3ICVjtAtBoE,
https://music.youtube.com/watch?v=sTZiSQ1PZ9g,
https://music.youtube.com/watch?v=nfSZZSHw0Cw,
https://music.youtube.com/watch?v=u9BnBGKtqkQ,
https://music.youtube.com/watch?v=kV2h7cvoFNY,
https://music.youtube.com/watch?v=J7p4bzqLvCw,
https://music.youtube.com/watch?v=9O3eE7EY2Q8,
https://music.youtube.com/watch?v=hToD6-5wJ_0,
https://music.youtube.com/watch?v=CD6Fmchv1vc,
https://music.youtube.com/watch?v=iXr_G2Aky80,
https://music.youtube.com/watch?v=GvopEaPnMx8,
https://music.youtube.com/watch?v=AUfALRGInd4,
https://music.youtube.com/watch?v=I7Tkk1x_qmY,
https://music.youtube.com/watch?v=usNzqofFBkM,
https://music.youtube.com/watch?v=dmtSX4EweSQ,
https://music.youtube.com/watch?v=7kGiMVaFyJU,
https://music.youtube.com/watch?v=LjtvF_UuRIU,
https://music.youtube.com/watch?v=HZbsLxL7GeM,
https://music.youtube.com/watch?v=NVvHyXU_SBc,
https://music.youtube.com/watch?v=SnE5b2fxzYM,
https://music.youtube.com/watch?v=BbHgbd6qWNk,
https://music.youtube.com/watch?v=677TCF3OZis,
https://music.youtube.com/watch?v=z6uOYk-C-Xk,
https://music.youtube.com/watch?v=N3gcuY1ai7Q,
https://music.youtube.com/watch?v=ksr76o8E3iQ,
https://music.youtube.com/watch?v=DGgz_C2rn68,
https://music.youtube.com/watch?v=ZiJgkQLunUM,
https://music.youtube.com/watch?v=d1cLBw2uzCA,
https://music.youtube.com/watch?v=TC57LNleCrA,
https://music.youtube.com/watch?v=TN5Ye9pQhlM,
https://music.youtube.com/watch?v=EVm767CkpZQ,
https://music.youtube.com/watch?v=oD1G3JYExKc,
https://music.youtube.com/watch?v=uEp43PsmFHo,
https://music.youtube.com/watch?v=vxa8ShIm9yw,
https://music.youtube.com/watch?v=UpBKieLPzBs,
https://music.youtube.com/watch?v=Pua-VYYZm9k,
https://music.youtube.com/watch?v=47rMmPZPI3s,
https://music.youtube.com/watch?v=epJw2kDScTE,
https://music.youtube.com/watch?v=PfcwlfCm7fc,
https://music.youtube.com/watch?v=d9ul2C4f3CU,
https://music.youtube.com/watch?v=2wqXLa3vCk0,
https://music.youtube.com/watch?v=U6Pm0iVvFXs,
https://music.youtube.com/watch?v=WWufeVfYRr0,
https://music.youtube.com/watch?v=SQcZ3__0MfY,
https://music.youtube.com/watch?v=39fdxGmYfvg,
https://music.youtube.com/watch?v=Lg3cjRcRqh0,
https://music.youtube.com/watch?v=snx5qGUtVi8,
https://music.youtube.com/watch?v=gLBoyzFnAdE,
https://music.youtube.com/watch?v=XDjB9E3YtUE,
https://music.youtube.com/watch?v=-NqnPNV-llk,
https://music.youtube.com/watch?v=gnUDvKEdke8,
https://music.youtube.com/watch?v=td6H7dpYfR8,
https://music.youtube.com/watch?v=T7A3G915i7I,
https://music.youtube.com/watch?v=n9qQiuwBywU,
https://music.youtube.com/watch?v=H3Kzh6RrnMc,
https://music.youtube.com/watch?v=9fZ1PTQXV58,
https://music.youtube.com/watch?v=AZTNMrERFcs,
https://music.youtube.com/watch?v=zgG9-fQXl0k,
https://music.youtube.com/watch?v=jB7KckRdyds,
https://music.youtube.com/watch?v=uGqbJwo3EhQ,
https://music.youtube.com/watch?v=zuWd9JnezJk,
https://music.youtube.com/watch?v=UbxMZc8bKm8,
https://music.youtube.com/watch?v=ZY5rK7R_nmk,
https://music.youtube.com/watch?v=Rv2YocsWodE,
https://music.youtube.com/watch?v=uQsez2zKjEU,
https://music.youtube.com/watch?v=wcCCBaKDw5I,
https://music.youtube.com/watch?v=F-4YAPqMMlo,
https://music.youtube.com/watch?v=hoYppjd17Zc,
https://music.youtube.com/watch?v=2svlPehTRu0,
https://music.youtube.com/watch?v=DSVgr3QI-ms,
https://music.youtube.com/watch?v=nyjWKvIvpB8,
https://music.youtube.com/watch?v=dSsHI6vY38Y,
https://music.youtube.com/watch?v=OsfAnsMY21M,
https://music.youtube.com/watch?v=ntG3GQdY_Ok,
https://music.youtube.com/watch?v=wTR_tymnbac,
https://music.youtube.com/watch?v=S7-Mqfu5PwM,
https://music.youtube.com/watch?v=KLBtgOzNAgI,
https://music.youtube.com/watch?v=npTu9iJfE0M,
https://music.youtube.com/watch?v=oP8e22vbyQI,
https://music.youtube.com/watch?v=WtNH05wevuk,
https://music.youtube.com/watch?v=TNqmyUJAf_E,
https://music.youtube.com/watch?v=k0NzOb6CMBs,
https://music.youtube.com/watch?v=Jbq-cXFmfi0,
https://music.youtube.com/watch?v=R2AdJEUnbhA,
https://music.youtube.com/watch?v=f3W_JFPxwZc,
https://music.youtube.com/watch?v=lNilb-EaTOU,
https://music.youtube.com/watch?v=oRX9Ra17L-A,
https://music.youtube.com/watch?v=dJ7P1g5mWsQ,
https://music.youtube.com/watch?v=v-KkbrLPYD4,
https://music.youtube.com/watch?v=Hz_ihbEO5BQ,
https://music.youtube.com/watch?v=0HoQoPuNjAs,
https://music.youtube.com/watch?v=SPK9W-vcBqo,
https://music.youtube.com/watch?v=gRMs_8PbjYY,
https://music.youtube.com/watch?v=_9O74sDh7-8,
https://music.youtube.com/watch?v=t2CW4yJ6H9Y,
https://music.youtube.com/watch?v=t0T_87ZMk8w,
https://music.youtube.com/watch?v=1vWWcSy-iBg,
https://music.youtube.com/watch?v=AbaAxgufFA8,
https://music.youtube.com/watch?v=JdjFD0Rp-rQ,
https://music.youtube.com/watch?v=zQp8QINWUnc,
https://music.youtube.com/watch?v=WwvVUbllNkM,
https://music.youtube.com/watch?v=w2fBR5qsEK0,
https://music.youtube.com/watch?v=BOnxCtKA1VE,
https://music.youtube.com/watch?v=4SrwoVxrI0o,
https://music.youtube.com/watch?v=zusf0uQc8hI,
https://music.youtube.com/watch?v=8BiLurrzFRw,
https://music.youtube.com/watch?v=DQmb4lDa92c,
https://music.youtube.com/watch?v=DqdS3gesE84,
https://music.youtube.com/watch?v=jNkylY5HycI,
https://music.youtube.com/watch?v=LTkwPR9STas,
https://music.youtube.com/watch?v=qzDS5bvkAh0,
https://music.youtube.com/watch?v=ASahUxsb4QQ,
https://music.youtube.com/watch?v=q90TxKbmL6w,
https://music.youtube.com/watch?v=7Hhg6bXOZnQ,
https://music.youtube.com/watch?v=vKb9xwSRrsU,
https://music.youtube.com/watch?v=5rnawnfK2sQ,
https://music.youtube.com/watch?v=FYHKeHYlVA4,
https://music.youtube.com/watch?v=1R8MGdgZDns,
https://music.youtube.com/watch?v=Jl42lE-txjc,
https://music.youtube.com/watch?v=ORrFJ63nlcA,
https://music.youtube.com/watch?v=q1uPPBJ2tcI,
https://music.youtube.com/watch?v=kt2_V1Gzx08,
https://music.youtube.com/watch?v=TLEPzT8jrUU,
https://music.youtube.com/watch?v=kcxOy5c7LCU,
https://music.youtube.com/watch?v=Dm6YRJHy64c,
https://music.youtube.com/watch?v=amWKXh9_EQE,
https://music.youtube.com/watch?v=7Ba3q3Ir47w,
https://music.youtube.com/watch?v=ZQUDq4AOlMc,
https://music.youtube.com/watch?v=McyRff1PyBc,
https://music.youtube.com/watch?v=NXfLCX2Sv5E,
https://music.youtube.com/watch?v=rh6IasAlua0,
https://music.youtube.com/watch?v=mzNWUL7s1_0,
https://music.youtube.com/watch?v=1WiNOE8kZ7k,
https://music.youtube.com/watch?v=ue5qU0KXR24,
https://music.youtube.com/watch?v=VKC_hzJ3jzg,
https://music.youtube.com/watch?v=KMQL4X7cTYU,
https://music.youtube.com/watch?v=EQxEms7gnqs,
https://music.youtube.com/watch?v=vbW_zqQVZE0,
https://music.youtube.com/watch?v=tv_BPYXDwmc,
https://music.youtube.com/watch?v=DiTBXQXjZ0M,
https://music.youtube.com/watch?v=owTWCbq_nSk,
https://music.youtube.com/watch?v=AYyDX8DFmy0,
https://music.youtube.com/watch?v=Xz0fMH6ClKY,
https://music.youtube.com/watch?v=XfEMj-z3TtA,
https://music.youtube.com/watch?v=TsoO75Z00PM,
https://music.youtube.com/watch?v=PuXJONFL6Pk,
https://music.youtube.com/watch?v=pnJriqNxpcc,
https://music.youtube.com/watch?v=JVrsDRiGYbs,
https://music.youtube.com/watch?v=JKlYOUfviXM,
https://music.youtube.com/watch?v=WE4wn-PEDYc,
https://music.youtube.com/watch?v=RIqf0gAfNu4,
https://music.youtube.com/watch?v=r5MR7_INQwg,
https://music.youtube.com/watch?v=EbTTo_eosC0,
https://music.youtube.com/watch?v=hWCiAemJVVM,
https://music.youtube.com/watch?v=tVdr_JWmnsA,
https://music.youtube.com/watch?v=S3C5WY4oXxc,
https://music.youtube.com/watch?v=o-9VdyXZKsQ,
https://music.youtube.com/watch?v=Pm0Ga7R-vrM,
https://music.youtube.com/watch?v=xaGWeySFizs,
https://music.youtube.com/watch?v=C0S0PMpNybM,
https://music.youtube.com/watch?v=XR_8ugaUcyQ,
https://music.youtube.com/watch?v=I90KY3HNm0Y,
https://music.youtube.com/watch?v=4KSZGJyqcb8,
https://music.youtube.com/watch?v=UQn_G22w8PA,
https://music.youtube.com/watch?v=OFADYZUk7S0,
https://music.youtube.com/watch?v=jX35t8j68Tw,
https://music.youtube.com/watch?v=3KnWkfPQz3Q,
https://music.youtube.com/watch?v=zw2oDdIl5Ik,
https://music.youtube.com/watch?v=wL1iAk7i-YM